,Name,Co-bps,Original Decoding,New Decoding,Smooth Decoding,val lt-co-bps,Filered Trials Decoding
0,trim-sweep-1,0.0972162675900868,0.22044991015096,0.256174598925796,0.4552804407793710,0.12776341757754300,0.22084346909864000
1,celestial-sweep-2,0.134892818633157,0.479009539658098,0.5212481365593210,0.6222215712584430,0.20373561421112700,0.5379278852170900
2,leafy-sweep-3,0.0754055514201957,0.130843167049747,0.11308564625742100,0.29020897254518900,0.08441275042371300,0.1360193042493210
3,pious-sweep-4,0.0797124645756324,0.152138272414807,0.1080896469470340,0.18322460155938500,0.11493370530366000,0.16165773046182900
4,golden-sweep-5,-0.0332563899992692,0.0024094459470001,0.009552060974385770,0.010597504867343800,-0.03544102380691430,0.00924141732322148
5,stellar-sweep-6,0.127182223706784,0.411922331141206,0.3919012001735350,0.474157510043114,0.169883538115534,0.43958058148396000
6,misunderstood-sweep-7,0.0695504934373546,0.0500255407743166,0.06706738833544410,0.2509515035069800,0.08416175786815230,0.06040166925600970
7,earnest-sweep-8,0.0976140419637011,0.233349497303072,0.2596825719288770,0.5572127010975590,0.12830051939618800,0.2472964599016130
8,jolly-sweep-9,0.074568157144229,0.223388996633338,0.25008608555592100,0.5460163443057080,0.09010887493932550,0.2333852064707490
9,amber-sweep-10,0.0868495511059568,0.0260034925944107,0.04194780550624420,0.11072979945198400,0.10115853990448900,0.03458350200820810
10,absurd-sweep-11,0.0101061802350608,0.15746383272854,0.10435523039254300,0.2991517677675140,0.01827552544646620,0.1641830845629950
11,sweet-sweep-12,0.0398411676824922,0.0973856461833444,0.05751455534782160,0.1052545690259930,0.0597001656113559,0.10409838151951500
12,deep-sweep-13,0.0144075133596457,0.0688981977521516,0.09574016078879850,0.23650639697936800,0.03483608558142000,0.07989415095513950
13,fluent-sweep-14,0.14034675395515,0.442281150404422,0.4699548372772670,0.5902656913638620,0.2037039264077050,0.4946977735668050
14,divine-sweep-15,0.124335308895726,0.461658123889663,0.5026850144617050,0.5910644550447240,0.15983200133694100,0.49467484482735500
15,zany-sweep-16,0.15260416171154,0.51647133689937,0.5445970379213300,0.6240881388684540,0.21979038814965200,0.5670966860721630
16,zany-sweep-17,0.138251876280653,0.521416656403305,0.57046861082835,0.6392203901359050,0.17338473942396800,0.5554891519029920
17,lunar-sweep-18,0.0738986878034563,0.509467288792477,0.5447924599300430,0.6186740558761060,0.12163553599139700,0.521202725389401
18,lively-sweep-19,0.0795110621425564,0.0343489723557391,0.06150741100331240,0.1367855636145320,0.1041715254627860,0.046887101972305400
19,sunny-sweep-20,0.0988464266441212,0.198141988698144,0.23889378379619700,0.4023615498467910,0.12353332154800600,0.203223995773656
20,rural-sweep-21,-0.119097835237675,0.0431434694453304,0.06849860406541600,0.1801658605959320,-0.12348718720191200,0.06816488875965170
21,vital-sweep-22,-0.533415542505958,0.0156669500961834,0.09516462450011700,0.4330927545172300,-0.542646754286682,0.02873810565282930
22,fresh-sweep-23,0.0746306405910706,0.0459917047533568,0.06630082521542270,0.17172346462104000,0.10341199633199800,0.05969998443829630
23,worthy-sweep-24,0.0734518177574785,0.287878118459518,0.3435826197653270,0.4098745232956340,0.10848356047654400,0.30373951806048800
24,divine-sweep-25,0.077145053818974,0.470921840885146,0.5129666971100380,0.5920562351626160,0.08834639673328340,0.4890757721067590
25,summer-sweep-26,0.0083901104724625,0.28858242939177,0.0647084921527839,0.17666128908564400,0.03332907685431900,0.28666780254312600
26,fanciful-sweep-27,-0.0306516025755662,0.009843897130068,0.022446480929817700,0.03447144832505180,-0.03241633267944300,0.024216945351858600
27,twilight-sweep-28,-0.147055388706512,0.0033374875089146,0.010066540521915600,0.01214181315034320,-0.15245809469637900,0.0097236431484929
28,clear-sweep-29,0.107902097882893,0.494061788025331,0.4328412500555470,0.5126965389854620,0.13440980535820900,0.5222465665608360
29,olive-sweep-30,0.0954455234678876,0.488533426849734,0.5414215661730900,0.6355065695336280,0.12495253313184100,0.5317758128815430
30,soft-sweep-31,0.0782798007238247,0.0473945879604924,0.06630386032545440,0.13812435486219200,0.10741450556986500,0.055450627356018200
31,lyric-sweep-32,0.135009422870442,0.533964577500787,0.5546025344949700,0.6185367325916240,0.1925148211338960,0.5677377209253190
32,flowing-sweep-33,-0.262146447386796,0.0316141810654871,0.04491839131762800,0.12902927980695900,-0.26874765747486300,0.04541352422832480
33,summer-sweep-34,-0.0147361103991794,0.151445574576913,0.2257565980016450,0.41386739491442600,0.011572662862823400,0.14930374084940000
34,playful-sweep-35,-0.050800917968002,0.0649070034020027,0.076896726421054,0.32285757883508900,-0.05370966054204470,0.06986230373487660
35,stilted-sweep-36,0.0465073979615012,0.0379826176058691,0.05937623106366110,0.19132837331712900,0.0545600878782721,0.04250775796990020
36,earthy-sweep-37,0.050486829277406,0.184809924694409,0.1002077050269120,0.20086951270110500,0.07480191918795640,0.19335662764508900
37,exalted-sweep-38,0.117456518809166,0.486362282204612,0.5102084664652950,0.616984486321228,0.16255956018830000,0.5350607918666740
38,toasty-sweep-39,0.154613682246631,0.545934366557638,0.5889796775593220,0.6539993096305610,0.18908903421786600,0.5848797801697280
39,rare-sweep-40,0.080803694495357,0.127828567418395,0.14178869417814100,0.2825761690632700,0.10637953547480400,0.13187937177550800
40,tough-sweep-41,0.102211611173554,0.237686319474938,0.27919307661073600,0.4440814157140150,0.1370760846412820,0.23972657772743200
41,cerulean-sweep-42,0.0960346500384182,0.0918422856428284,0.11242321735962800,0.3382411146844830,0.12077409639105700,0.09792292707518390
42,sage-sweep-43,0.0317433914389061,0.352163616317908,0.06932517226925340,0.21271514741528900,0.06183070281361790,0.3749637856945350
43,autumn-sweep-44,0.124857491219408,0.371976381733382,0.4065789112408570,0.588141263028096,0.17856888771133500,0.4063572884903270
44,solar-sweep-45,-0.643246802030326,0.100814459689248,0.06420458794824510,0.14938879313060500,-0.6659783079384790,0.12131640776175500
45,icy-sweep-46,0.146004875679379,0.526294528365521,0.5741434071156040,0.6380917301685380,0.19017220245083100,0.5779074927567970
46,dry-sweep-47,0.0410160859724639,0.0144750927285817,0.0496413537171746,0.09994067587668510,0.05937583320411780,0.017176122084372000
47,frosty-sweep-48,-0.10883488878551,0.199059003767934,0.08801956587947270,0.2433013887953530,-0.09212062587441970,0.19643628666145300
48,neat-sweep-49,0.0861427024109106,0.0114878399265483,0.03342701302030850,0.07682634758529360,0.10722651778355700,0.02524859653670120
49,iconic-sweep-50,-0.109581906178448,0.0926446848077764,0.11194286901372200,0.4293718261295690,-0.07557177802671240,0.0858290869344141
50,devoted-sweep-51,0.116939356229106,0.385100268611497,0.4241660723005990,0.4864038756703920,0.14709319264295500,0.4080570939931540
51,smooth-sweep-52,-0.185205021026443,0.231869208058384,0.08704535888460520,0.3416028145665710,-0.15469089170795200,0.2243237955040580
52,wandering-sweep-54,0.110684852416263,0.418257170074964,0.4108589170300480,0.521080513036258,0.13996236198155600,0.4493368576612230
53,cosmic-sweep-55,-0.0411661569587152,0.0428655279187165,0.05777205849231840,0.195615210254802,-0.04397832321261170,0.054311711602246800
54,grateful-sweep-56,0.0991822765145093,0.244816274955636,0.2850049328503030,0.36477462265292100,0.12828262245158200,0.24612824533376300
55,exalted-sweep-57,0.0654801262948061,0.286402799704522,0.11423922077235500,0.3306442007901520,0.08030661088978500,0.2908300389596870
56,desert-sweep-58,-0.0375532609802329,0.197791095363978,0.1167125055051540,0.30848589668170900,-0.04777528093595100,0.2087868748857550
57,comic-sweep-59,0.038062055529437,0.382588707608436,0.40629726805634700,0.49473310306354000,0.07922343728236190,0.39353118147404700
58,dark-sweep-60,0.0974801534700044,0.3615597492156,0.4143325022199930,0.47609494266645300,0.12572996995615100,0.3859271818408150
59,brisk-sweep-61,0.0473749160736581,0.293696820031175,0.12557721884610700,0.194544166346712,0.05603886457834250,0.2979043644342960
60,wandering-sweep-62,0.13030864257224,0.431258830053396,0.47727835219094100,0.5713432559828190,0.16635686187694100,0.443782976853332
61,glamorous-sweep-63,0.0638098039173373,0.155058234438149,0.1194285040834390,0.33562712876576100,0.06743558515848980,0.16376554070679000
62,firm-sweep-64,0.0952859665635496,0.0391502533501724,0.058060219919090100,0.1876341721760530,0.11063957798342300,0.05454506889237790
63,golden-sweep-65,0.146990110541594,0.470286119239283,0.5028016471425500,0.5836878843999650,0.22152773539083700,0.5309712540620380
64,rare-sweep-67,0.137514909123874,0.494417218550507,0.5397183353188900,0.6217571829919520,0.17405647141149100,0.5317536537941710
65,revived-sweep-68,0.0422177798113918,0.0293840559008024,0.05758907554416840,0.13910305055391900,0.0637505290218259,0.04273732400834300
66,flowing-sweep-69,0.120210272768035,0.493675487927851,0.5321035166817700,0.5981291705480360,0.1617587122256420,0.5219472219253450
67,rosy-sweep-70,0.0938109036138464,0.518196393413722,0.5432645324573280,0.6245648778168870,0.12377881603319700,0.5398959919712100
68,solar-sweep-71,0.101167805469805,0.378448765817462,0.42672704692465700,0.49396366735033300,0.14917380650634600,0.4008941218651990
69,olive-sweep-72,0.0651013183829073,0.0672440625398225,0.08559962105474160,0.24328079893389300,0.07532732081188450,0.0658281750032241
70,blooming-sweep-73,-0.017628771251752,0.123342507400373,0.044591205633307400,0.11887066575299600,-0.018166036991360600,0.1276160900869920
71,fluent-sweep-74,0.103430602705038,0.309958518100104,0.3319416454950400,0.5461773685248760,0.13332216557632100,0.31724424291980900
72,glorious-sweep-75,0.124533916610726,0.403268583381127,0.4447191880233710,0.5244899577923750,0.1574473651424880,0.4308574214619150
73,soft-sweep-76,-0.0302370894530109,0.212233321507802,0.1202451360186990,0.3372111756930660,0.021127030044518600,0.2172871161390090
74,denim-sweep-77,0.144366912912562,0.483754746876864,0.5212452652886140,0.5768541429179610,0.1878960120666620,0.4913188594378380
75,devout-sweep-78,0.138673642234062,0.481347137782762,0.5221804317030940,0.575908205648796,0.1720801865236790,0.49561503237683300
76,devout-sweep-79,0.137293975911009,0.523136654696437,0.5681675904866900,0.6222340822611120,0.17548222908497500,0.5634806988157020
77,drawn-sweep-80,0.0779947179821882,0.189434267256868,0.22745830385238900,0.31396548802037400,0.09565144044554880,0.1978804406404300
78,fancy-sweep-81,0.0852584482370417,0.429148789149746,0.48715388227629500,0.5560711060306460,0.13477546197177400,0.4633289170559610
79,golden-sweep-82,0.122936681485416,0.533944700966102,0.5666711012564680,0.6127130028088000,0.2279613483856380,0.599832702264199
80,helpful-sweep-83,0.0859731060193286,0.131460282981501,0.152284152655852,0.3863072505192190,0.1036640261579220,0.1321287553545750
81,rich-sweep-84,0.0942443858853461,0.0433269352584954,0.061527166297876700,0.12597450320461400,0.11679809397925400,0.05657311081985150
82,driven-sweep-85,0.0972330036517988,0.323157420066636,0.3452890858978840,0.4342108936565070,0.12246633043313700,0.3239880517412510
83,olive-sweep-86,0.0673652388798291,0.0680309620707998,0.02134342789756790,0.05296180230380700,0.07176999941469110,0.0781717498104985
84,clean-sweep-87,0.0455623317971787,0.20491741691584,0.10342648925049600,0.2741113944816320,0.06397328955035600,0.20686510672870300
85,icy-sweep-88,0.0995549414210976,0.208731104760288,0.23116972481626800,0.5329263525869740,0.12388072650274900,0.22371165314665500
86,upbeat-sweep-89,-0.0164878853724342,0.002285823941492,0.007682160855253640,0.008449545703399010,-0.01788577648202060,0.007870506336852450
87,solar-sweep-90,0.0812762275775182,0.348717795046186,0.35854070435118900,0.39600917163331,0.11861739095357500,0.34795169647224300
88,efficient-sweep-91,0.111164082072892,0.466101268217495,0.511838771100928,0.6086243178066560,0.141866005697209,0.49410778509317000
89,bumbling-sweep-92,0.0586108275007909,0.111540659146477,0.15105897691138600,0.3244961570448220,0.07629687300612350,0.1424275640615580
90,denim-sweep-93,0.0277131929942497,0.307928843121318,0.3483519624267830,0.4141032668451100,0.0242161031460632,0.3281070642141200
91,radiant-sweep-95,0.113298569501666,0.349278534592803,0.39156980009590700,0.44494744682604600,0.1474006546270350,0.3505834905295380
92,worthy-sweep-96,0.117178132641998,0.506142416257851,0.552201737539447,0.6141120484629150,0.15212962933106200,0.5245828331676600
93,proud-sweep-97,0.121381840083543,0.314570562135984,0.35161962620720800,0.43255892426766000,0.157059340035394,0.315901718657251
94,apricot-sweep-98,-0.28184499625132,0.233746820718281,0.10687609229494600,0.2275208885541090,-0.2682460055801270,0.23324350017809700
95,desert-sweep-99,0.0875781556063371,0.0612873438268442,0.0734233923131713,0.15559301654206800,0.10827904085792100,0.06251193081725200
96,laced-sweep-100,0.0756102967660478,0.0788819051134987,0.10604041278082200,0.34793565823469100,0.10044893948703000,0.1041188672549750
97,colorful-sweep-101,0.105918235009527,0.344953731453586,0.3936699935143040,0.48840295909988800,0.14092744262687200,0.3689132488950820
98,pious-sweep-102,-0.250055852052827,0.215803329370029,0.07492046618009640,0.2768626980679870,-0.26918526732998300,0.22643493361873900
99,eager-sweep-103,-0.0350221116906174,0.0370274553370252,0.0565400945587084,0.16754001988538000,-0.03762389479238800,0.05393517490625850
100,snowy-sweep-104,0.0256568098740277,0.295767893800638,0.04020713630479840,0.06845303990584830,0.04893626594397390,0.2798215203689040
101,atomic-sweep-105,-0.0005333430152051,0.0408381388002004,0.07812510167153900,0.13174928048691900,0.016929307061777200,0.06780477476682130
102,wandering-sweep-106,0.109749825739184,0.361903121057001,0.3929979025396190,0.5856653428835530,0.155664915451114,0.37837786926037800
103,sage-sweep-107,0.0794647611882694,0.0247685739268024,0.04824709271120480,0.11913798160152500,0.09999067021597420,0.0403546886216483
104,generous-sweep-108,-0.031635160606935,0.0633544085642538,0.07846885365180830,0.33584919183442400,-0.03350845744639780,0.07234324176074630
105,major-sweep-109,0.071625845706521,0.182199425177767,0.1828514041091420,0.4729313309760390,0.0832369641588002,0.18621405112261700
106,colorful-sweep-110,0.117657921242242,0.383284809986204,0.41934765095920200,0.5858381155860710,0.1516572467337210,0.4013306231640560
107,decent-sweep-111,0.077720239045869,0.236179991855802,0.2451870094526610,0.4496376871111230,0.10316720052632600,0.23718958395255200
108,ancient-sweep-112,-0.123307669561158,0.159759935334106,0.06583908274369850,0.15695823016314200,-0.10401831041869900,0.16259041453247100
109,distinctive-sweep-113,0.0479283454952189,0.153963054656444,0.06599767171082900,0.16854525779888400,0.04981492530723200,0.15824543578995900
110,glorious-sweep-114,0.0752236797669083,0.0695896729640267,0.08191482496469990,0.15328876211545300,0.09576540044957680,0.06978580744445420
111,clean-sweep-115,0.0347085792564077,0.0484657057494125,0.07202116336392450,0.21865050769830200,0.04945891584548820,0.05953391172738970
112,eager-sweep-116,0.100490527041791,0.499151969861647,0.5341718222622590,0.6299042437256490,0.13916254591480200,0.5132720428344950
113,effortless-sweep-117,0.0468917845606374,0.0965243145348992,0.1130003449900870,0.31901151944707700,0.04582447097829850,0.09345515062408240
114,giddy-sweep-118,0.0741648040833773,0.0282390918528525,0.043948318630603300,0.07881684198698500,0.09723660453855130,0.02607618834338960
115,lunar-sweep-119,-0.0516137670950159,0.0434754041631278,0.05626135475977950,0.16928550300301800,-0.025598131543336500,0.047124903259592500
116,rural-sweep-120,0.102538539443928,0.487548332908625,0.5161870990626400,0.6081735292355880,0.1424062139524850,0.5082542516169970
117,smooth-sweep-121,0.132377292892481,0.502021727130062,0.5307798986133310,0.6003916020977840,0.1754099211292030,0.5415745383632430
118,dazzling-sweep-122,0.113703599393363,0.338879617889592,0.3751405961570750,0.4867292345760300,0.14815846393131500,0.33352666258933200
119,sparkling-sweep-123,0.120099806161602,0.504976649098025,0.5553658246727900,0.6349966257430000,0.1551605225828800,0.5296378806659610
120,wild-sweep-124,0.0863340599822847,0.414749684681268,0.4555233538051570,0.558708832852067,0.13206064058549500,0.4260640731068650
121,stilted-sweep-125,-0.235579728364402,0.0272795837234463,0.0431636627341806,0.14888302600078600,-0.2431298957242680,0.041836765850816200
122,devoted-sweep-126,0.136972078133173,0.477537553962611,0.5335663272396330,0.6023611096507350,0.17424894149563800,0.5433387344769010
123,light-sweep-127,0.100921214595214,0.193595098058787,0.2267123415288430,0.43856162177776200,0.13152524784444400,0.19634929245421900
124,skilled-sweep-128,-0.127142613952507,0.129233196694548,0.06679253863480970,0.14368625769563400,-0.09520729524969560,0.1195472074182790
125,worthy-sweep-129,0.0812527949413381,0.165539450245672,0.18821119988196100,0.38793303231829600,0.09104503562700800,0.16699741029031500
126,treasured-sweep-130,-0.134191000430649,0.238496773639994,0.11353326755437100,0.37017005962453500,-0.09792727611550060,0.23061941155935000
127,vague-sweep-131,0.122074736686038,0.507533081511409,0.5425190764331090,0.6170200452435730,0.15181563200625000,0.5157420037196880
128,wandering-sweep-132,0.11963675362307,0.482810380163455,0.5288573295285460,0.6067767591209230,0.15603297982179200,0.5090988737699250
129,woven-sweep-133,0.116987898332312,0.312609192007716,0.3500089874177340,0.4704336515417610,0.15886348103860800,0.31807140657796400
130,eager-sweep-134,0.135098122922624,0.389467671055056,0.4253135166914030,0.5994084122511990,0.21496844607391800,0.4436626935075240
131,restful-sweep-135,0.107538354576318,0.245123964097743,0.2773567623399420,0.453139529566528,0.14216451383452800,0.24705679487488500
132,flowing-sweep-136,0.0268758014055119,0.015547457738679,0.03858342050909000,0.07792183686758850,0.03160033949459310,0.03247482065967480
133,exalted-sweep-137,0.115464852223018,0.463657091570761,0.502327860318572,0.6083814840593170,0.1554394032001700,0.4983251578440030
134,fresh-sweep-138,0.0896713618244461,0.148736315987483,0.17121377059173000,0.42728890044675800,0.1004633967786180,0.1544164518663150
135,dulcet-sweep-139,0.121772358939074,0.39160205176137,0.4261551243889980,0.5835801136820380,0.1564967525376750,0.41228150371493100
136,pleasant-sweep-140,-0.0922298456066332,0.0789584676955783,0.09647251711953010,0.3294315026247800,-0.09854907938969510,0.08970290222175650
137,legendary-sweep-141,-0.0492471944533604,0.0019159241564404,0.006701115375527810,0.008651112955661680,-0.05264163753127100,0.007264551738503760
138,fancy-sweep-142,0.127846667929476,0.379220200776076,0.41245749641718600,0.6043133242371120,0.1711643466610880,0.403918296233092
139,silver-sweep-143,0.101539911432778,0.416874725089933,0.45600664245505900,0.5842273463599590,0.15014611042299900,0.459842765778138
140,fast-sweep-144,0.0750663532625737,0.0362578800234853,0.05775711787605190,0.11640519015584300,0.1002829869778630,0.046955482388739600
141,logical-sweep-145,0.0433726137524175,0.0725959543724455,0.08757813329614940,0.357862476332481,0.06376739944498400,0.08354528887826400
142,atomic-sweep-146,0.093939772363921,0.481250204223138,0.5180082621088420,0.5906364115809480,0.1225289966115450,0.5017916761017850
143,quiet-sweep-147,0.138629571679779,0.461047624206717,0.5094943058517310,0.6063866587121750,0.17670484300104300,0.49864878176960100
144,splendid-sweep-148,0.101885811539326,0.472016910899344,0.5191054465969130,0.6203035026958730,0.144169724054432,0.5073879194090060
145,rare-sweep-149,0.119493373836829,0.377897822685735,0.405160822615654,0.5846211504877460,0.16084976241800100,0.4034354738455760
146,tough-sweep-150,-0.0811389854221297,0.0338188513340416,0.050696167579424600,0.15610852149981400,-0.08526971847513100,0.048081261196814300
147,hearty-sweep-151,0.113954640319045,0.452793485440379,0.4879447944211760,0.571457251291651,0.15255243792929300,0.4690844753634560
148,sparkling-sweep-152,0.0368849095266908,0.0254322752734703,0.05882799792893960,0.15808993275546500,0.0426310729320176,0.039232139804871800
149,drawn-sweep-153,0.137870279025135,0.507980115469216,0.5499382509601090,0.6237089621716860,0.2059295108968580,0.5635962934993390
150,lucky-sweep-154,0.0579279650110823,0.0386125557335372,0.05359817470422610,0.1565595976132990,0.07900342847624560,0.04865953302166400
151,bright-sweep-155,0.095677044362696,0.0493978018070635,0.07050183823214620,0.16370716630964300,0.1204955489901530,0.06730057657440000
152,bright-sweep-156,-0.0290393001577034,0.0694871054873412,0.10484722239351500,0.2517250516770600,-0.011500360281509100,0.07186795570189290
153,decent-sweep-157,-0.0422306113294836,0.0012733097464242,0.004355867986485460,0.0055629449433808900,-0.0450938618051441,0.005074485049898970
154,stilted-sweep-158,0.0357239379548125,0.0049075652085005,0.014963972390644300,0.03491795280265670,0.04252674933089580,0.011050857814883800
155,scarlet-sweep-159,0.11674800403219,0.44970729983577,0.48063006106618700,0.55511665848359,0.14975325905276600,0.4563194765923610
156,hopeful-sweep-160,0.0908836514070046,0.170019506522091,0.19490281449508700,0.41949447370142600,0.10393843522628900,0.17393629490540900
157,decent-sweep-161,0.0031576582375521,0.315219510258949,0.08651124155997900,0.260327715097332,0.03667982021553690,0.32258616054192600
158,unique-sweep-162,0.10559521934446,0.336020007948836,0.3642639656891490,0.5781160756398840,0.13658063487089300,0.35717925862460900
159,amber-sweep-163,0.102783453487673,0.208845156196597,0.23232733720292200,0.5340716649438980,0.12765219854701300,0.2300788747994060
160,worldly-sweep-164,0.104150285605405,0.469768986921859,0.5115639455711450,0.5831312851103540,0.1519612690647830,0.4800500034443920
161,vibrant-sweep-165,-0.74597724186587,0.0730768797851215,0.11355663021667400,0.4927624304757040,-0.7546917747677390,0.0729409838414104
162,youthful-sweep-167,-0.0909439098283006,0.0144865566166528,0.028474797902309300,0.04597146426901720,-0.09328780763233140,0.030208236094945900
163,dulcet-sweep-168,0.104305381709736,0.388849709232704,0.4255917958480770,0.5194089132302200,0.1385496964873690,0.413110031422208
164,upbeat-sweep-169,0.0384626219338989,0.100239894741258,0.11442309388879000,0.33799764238713400,0.059046679908197800,0.095827438384712
165,silvery-sweep-170,0.125772987116698,0.495268452570448,0.5355448265379010,0.6288322531319250,0.1746655479695210,0.5348904474921050
166,rose-sweep-171,0.144306654491266,0.523433106467576,0.5677980714490880,0.643836898268068,0.18070322465529000,0.5716518031081480
167,ancient-sweep-172,-0.301912297417126,0.0014528246975924,0.005132008351403320,0.006063507281173390,-0.30910186015379400,0.005889679970928910
168,peach-sweep-173,-0.0260813651710561,0.0014693289494148,0.00471164841141003,0.005369611067720600,-0.02783436820792720,0.006708551631016910
169,sleek-sweep-174,-0.0082818796404914,0.0211194660737564,0.0366875385344802,0.11119131594766600,-0.00863577089403928,0.037538546569634700
170,exalted-sweep-175,0.070604902946421,0.416378244132498,0.3488507061461590,0.45034779396807400,0.10456265700651100,0.4072385164905510
171,crisp-sweep-176,0.0879781657544126,0.403452504402271,0.4270719114093030,0.49678585494472200,0.12216059902448100,0.41611117362833300
172,glowing-sweep-177,0.12915827211845,0.516286447317228,0.5635749954249930,0.6149040925653690,0.17295815795633400,0.5478081665469890
173,vivid-sweep-178,-0.0329484362522969,0.0180353639759082,0.05404339470970100,0.13264177389829800,-0.01810268556957800,0.036403599557989000
174,fancy-sweep-179,0.137350880670614,0.490270247447146,0.5223926377938190,0.6209166659733070,0.2002003173421600,0.538798887118316
175,smooth-sweep-180,0.127709984717703,0.489905464263405,0.5389047843803780,0.6048010776211350,0.1622190452885080,0.5261599570844400
176,daily-sweep-181,0.0903681656577903,0.18663046533917,0.21292674581616000,0.3618331931208400,0.118107473142682,0.18482136526629700
177,silvery-sweep-182,0.0462496550868941,0.212970864141209,0.2622854277241100,0.3346969770892460,0.09359320582460110,0.23115669246556400
178,driven-sweep-183,0.133102554480085,0.500561435346792,0.5471385334807050,0.6364770438255750,0.18087604572157500,0.5396285736060400
179,proud-sweep-184,-0.0593857329554581,0.322016432019612,0.3252838075026890,0.5362556153812580,-0.03173461763648310,0.32649390027944100
180,treasured-sweep-185,0.0562152435357179,0.0634344927704338,0.07775913785810360,0.19366369160903000,0.07910327515398720,0.0699482065628457
181,firm-sweep-186,0.0678349826183716,0.0694045788247169,0.08581618115635090,0.3486544199492230,0.0837361975475079,0.07731670691759990
182,different-sweep-187,-0.0628736647274862,0.0231401304933559,0.039668167770655300,0.06817129002937100,-0.06574782266533190,0.03620817766532270
183,volcanic-sweep-188,0.132941879688516,0.518596847912096,0.5496093795025050,0.6462539049978520,0.2414672749448830,0.5638013070570800
184,amber-sweep-189,0.129398155669657,0.425899931105285,0.459584544125708,0.6184420332361370,0.25746628350886600,0.47092529570595200
185,hopeful-sweep-190,0.087900617702247,0.153941023754984,0.1933667110589800,0.28148102843273100,0.10571572543813700,0.1664879580310800
186,tough-sweep-191,0.0299503325677575,0.0363557362763581,0.04635511195306110,0.10691927230825300,0.046380861726128900,0.03412162773893870
187,gallant-sweep-192,0.126538417402194,0.355609426913244,0.362002555333818,0.41641534284597500,0.1577317599535210,0.37006324388212800
188,skilled-sweep-193,0.0435154319078144,0.336636922432586,0.3808956649684210,0.467514725080632,0.07139953266135910,0.3639965489307470
189,wild-sweep-194,0.128391723945723,0.500533222728054,0.5541044138759700,0.6344604319229410,0.16427280836053300,0.5518551550831190
190,classic-sweep-195,-0.139454131750425,0.0274073662015387,0.04349176646866350,0.12303863858042600,-0.14471888615646800,0.04285988303692850
191,efficient-sweep-196,0.132531830053197,0.429836069602512,0.4652472664961780,0.5370594247909360,0.1865170981677070,0.4664197787736820
192,azure-sweep-197,0.0986684568472253,0.500051199486403,0.5403012185279060,0.6327814311322780,0.1487358526859240,0.5212012699541250
193,cosmic-sweep-198,-0.442445964267016,0.0263441494683201,0.041680265373848800,0.1192830888337930,-0.45145299666234000,0.04185246275960590
194,mild-sweep-199,0.0330209618736115,0.109486619397941,0.13330254234361600,0.43135349191579100,0.04748021245164890,0.1257621521051090
195,jolly-sweep-200,-0.0448075053169997,0.0601411768266885,0.07505031529926480,0.3332160630617320,-0.04835061127320770,0.06832557568529380
196,misunderstood-sweep-201,0.0628586001221622,0.0747623372935182,0.0990114832396079,0.4423767112946100,0.07760659613485360,0.09165879062513970
197,cosmic-sweep-202,0.123838784233769,0.327793455663688,0.3593823470907150,0.5692003297974640,0.16043487577062500,0.34867193205280200
198,dauntless-sweep-203,0.0861348933236699,0.27881496805894,0.30965530887226400,0.3641020786714680,0.12567660158980500,0.26087854951987000
199,curious-sweep-204,0.12903051050669,0.391284991539405,0.433281258704928,0.5983430259986250,0.18187831761514100,0.4391348493622390
200,noble-sweep-205,0.0889131870570331,0.07047773340522,0.09572004247377810,0.2668051018046960,0.10152040215082100,0.08596820814954170
201,resilient-sweep-206,0.0935637645445565,0.0522722656094541,0.07146675039415150,0.21969303728198900,0.11320256018682200,0.06671664282686850
202,daily-sweep-207,0.0526893788402589,0.0728491108086042,0.11401028848130200,0.38370944178518400,0.0724420753675159,0.10450647045189600
203,legendary-sweep-208,0.107344207661325,0.482016232951511,0.5189042833929390,0.5860709717101540,0.14419519898459100,0.49428548824045100
204,firm-sweep-209,-0.399189919817908,0.025974835560301,0.04470288521559460,0.11635888991079400,-0.4067141177974930,0.046089364652301000
205,major-sweep-210,-0.0685909216113234,0.0064104208279409,0.016713485843107,0.022809546899186000,-0.07273094710192920,0.017382460526487700
206,noble-sweep-211,0.135049032624719,0.536643679421077,0.5853863575285070,0.6358318609772230,0.1786714968604060,0.5919798478961060
207,frosty-sweep-212,0.118030586148831,0.506616313480729,0.5484682785487850,0.6111415121851780,0.16024585608841100,0.533428505767856
208,peach-sweep-213,0.0761838051620969,0.115279136236389,0.14400542781874400,0.41902251624193000,0.09203696706369060,0.12785488720897800
209,wobbly-sweep-214,0.0481358801846898,0.24650782366603,0.27719558356771800,0.35326376040183100,0.07775017477603480,0.23103683848604200
210,resilient-sweep-215,-0.854342392287295,0.1339493756075,0.09102423869011980,0.29029580121660200,-0.8360295076407720,0.13218243312135500
211,earnest-sweep-216,0.129363017464302,0.436629032672694,0.4753929019678480,0.5688017832927230,0.17050086984080600,0.457450542247576
212,silvery-sweep-217,0.0849828514134919,0.02240011478358,0.04728948591089380,0.10448822444580600,0.10182442448188300,0.03554206168863430
213,solar-sweep-218,0.0488304536180306,0.0776898224676777,0.04226237914920940,0.08372689096341430,0.03894153718474450,0.09636245316689400
214,lyric-sweep-219,0.110316089366066,0.313855749696839,0.3407145369921980,0.5439205999254830,0.14385538276431800,0.32275256066977500
215,genial-sweep-220,0.112788092747158,0.362458345173052,0.3773638115299420,0.4277611577477510,0.14990509823564600,0.3618718322319740
216,dashing-sweep-221,-0.279360706859607,0.0045537778286549,0.021376380648950600,0.051829963749796200,-0.2728345242029780,0.019175383007208900
217,effortless-sweep-222,0.0858944454543902,0.29050362316338,0.2865837184419290,0.43010134613567700,0.11602651531398900,0.2696963286449530
218,bright-sweep-223,-0.0683962211271732,0.0005781587994939,0.003269430355803130,0.003409444852628290,-0.07213289355692730,0.004132871878280350
219,pious-sweep-224,0.107739187316863,0.274559000412615,0.3013778098157350,0.46559070968298900,0.13753503109402500,0.2821180262220720
220,celestial-sweep-225,0.108287596994802,0.498552095095402,0.5360602724268450,0.6116784558567130,0.14936695377218100,0.5312548534657970
221,vital-sweep-226,0.123919121629554,0.355907152077357,0.38033962064659800,0.5716389810333900,0.1581507741845160,0.3667522840767500
222,dutiful-sweep-227,-2.52552240424028,0.0824020050166499,0.09527701352045900,0.48457990330225100,-2.4651597614578000,0.08383028369104490
223,dainty-sweep-228,0.0283815471350207,0.311564842852776,0.24809414478688800,0.3118406098465610,0.06793964481033730,0.30899337171573400
224,silver-sweep-229,-0.341030439286475,0.0355873917726779,0.052447103200626100,0.15451790514304100,-0.348641445509083,0.05085505315257990
225,good-sweep-230,0.13705855315981,0.453382959577379,0.40548541655465500,0.4849440671345490,0.1737421301213760,0.46723644847912600
226,sandy-sweep-231,0.0894108242317625,0.116546483488362,0.14809687066519100,0.3254715205755080,0.11377099509467000,0.13108049826822800
227,comfy-sweep-232,0.0740353710152295,0.0456765553917822,0.07380466524651460,0.14118021128439900,0.09874533309216100,0.06660790932556060
228,absurd-sweep-233,-0.109099322860127,0.0458067649311531,0.06006875760550400,0.20464480123054900,-0.11467237766567400,0.05680165085559580
229,confused-sweep-234,0.0792923700786108,0.0391869541802785,0.08192862457185980,0.24751052734997100,0.09857353317286470,0.05302238843207370
230,elated-sweep-235,0.0565918210476134,0.376372177029858,0.26529394917088500,0.3700847484109900,0.09527408901172440,0.3988623097669000
231,pretty-sweep-236,0.140120252803963,0.467314928512575,0.5083407664627860,0.578769853747241,0.17732803288536000,0.4842514569774280
232,resilient-sweep-237,0.119065481001482,0.500433216049719,0.5178478060522690,0.5766992051998040,0.14844284799343200,0.5137653392915880
233,jumping-sweep-238,-0.0081340383824362,0.420930475232144,0.5032427438336290,0.5563529061040880,0.017688146918347900,0.4305109151433890
234,scarlet-sweep-239,0.0847351480261289,0.0174507987299272,0.029037155771425700,0.07969094212808660,0.10521407354340100,0.02674287255342530
235,copper-sweep-241,-0.128916142043867,0.0340496604604228,0.05450257202432060,0.16038928079707300,-0.13445560648791700,0.054122881756938300
236,sandy-sweep-242,0.0973244984220579,0.420867955505812,0.44206343055301100,0.5767276409727570,0.13906993325731300,0.42804259689489600
237,youthful-sweep-243,0.0671370608977968,0.0926192518712408,0.11822716517632800,0.23744655287215300,0.0917642778218319,0.09514386117969010
238,peachy-sweep-244,0.0929294387835961,0.505984827921245,0.5381237412513780,0.6181872009330570,0.11933491332189000,0.516564890788364
239,robust-sweep-245,-0.363609375085481,0.0453007794794463,0.07007325490673890,0.1698926727463250,-0.3630053720156510,0.0707349101816071
240,clean-sweep-246,0.0605589771018129,0.0524711876811221,0.07674359328528600,0.17657847277202700,0.08027011294659730,0.06264369507105910
241,denim-sweep-247,0.0887313154037457,0.147682356851205,0.1807445451556550,0.34363780892591700,0.12216988608762800,0.15862758961166900
242,absurd-sweep-248,0.121979340059388,0.30430327518807,0.3503311721043850,0.45481684398317000,0.1573988230392820,0.3143255448281440
243,exalted-sweep-249,0.0829644039039297,0.448715262510599,0.3970404758738570,0.47853160917667100,0.12199602237652100,0.4517731378584070
244,solar-sweep-250,-0.0393580361694715,0.000387366504962,0.0024749945537839200,0.0033840839729789600,-0.04214973917514420,0.003356340004083540
245,denim-sweep-251,0.0686411297964597,0.0928190260980667,0.11359635806040700,0.33139970773328400,0.08471711134561960,0.0965444598589102
246,legendary-sweep-252,-0.0312758807875958,0.0650063409875726,0.07826885298235030,0.32613907931373500,-0.03262497988168670,0.07217064382299230
247,ethereal-sweep-254,0.0662115201388051,0.273002094996301,0.22640502445234200,0.41828239705611500,0.090391544549392,0.2818526598911620
248,olive-sweep-255,-0.0504382925486578,0.0263068704330446,0.047506811147075800,0.15302299685419900,-0.04060520060895020,0.042908252954481400
249,astral-sweep-256,0.1158330563296,0.368301884053043,0.4141225546894670,0.47949392906200500,0.16155212881520900,0.37551167589263600
250,morning-sweep-257,0.0669289672647107,0.176182057515325,0.09508340852615330,0.27973750861218100,0.09902697618078020,0.17962967520182800
251,golden-sweep-258,0.0954455234678876,0.188838721171377,0.21432049090194700,0.5492759152721570,0.12242363574006000,0.2023646377445840
252,eager-sweep-259,-0.181173167248772,0.103525978367906,0.07027200041393370,0.263339272079298,-0.1410889128382010,0.10458032677496700
253,confused-sweep-260,0.121934151617874,0.376139123729864,0.42672608807349600,0.5124309422137350,0.16272998424639000,0.4102355707143230
254,divine-sweep-261,0.0995365285285396,0.274409458012069,0.309738016544205,0.42802934818054800,0.13523234463270700,0.2689215894602530
255,comfy-sweep-262,0.157732286650389,0.520351083566073,0.5641064847275240,0.632798853636168,0.2064731480562360,0.5681211712962080
256,vocal-sweep-263,0.109365444514506,0.451689043452484,0.39205226166967800,0.45914975816586400,0.13792272298473200,0.4842462579407860
257,fanciful-sweep-264,-8.81300466430859,0.131059699317561,0.15158246084546600,0.47532935639428600,-8.683723929793810,0.13779626106148500
258,peach-sweep-265,0.0595603544651201,0.25157931624291,0.21335536944925200,0.3456136881240380,0.07006743029018550,0.24903101361393600
259,wobbly-sweep-266,-0.0321724102231701,0.0360218296381381,0.05267219811115710,0.11137871086829600,-0.008183014473112800,0.04905360619009600
260,fiery-sweep-267,0.0208450080566217,0.10331397982077,0.12692386434447700,0.38478054989054100,0.042817682169890500,0.1144515276140890
261,denim-sweep-268,0.132159154397693,0.406807411303354,0.44294396357508800,0.5815466071721660,0.18104338484086500,0.4416935419684780
262,smooth-sweep-269,-0.459220593088559,0.0167554251184744,0.029641934632189700,0.09381609242916790,-0.46891112753407500,0.029862552065756500
263,fluent-sweep-270,-0.511216494884877,7.97372030684E-05,0.09065650120823530,0.42402529741278800,-0.5200309497068970,0.0023324836099483200
264,breezy-sweep-271,0.144951578683086,0.529668761578531,0.5657534793947950,0.6184839692699830,0.1803368801111200,0.5695385982432760
265,bright-sweep-272,-6.63329861106517,0.168708416500498,0.19385078560129600,0.5148404396054850,-6.526181624732380,0.1654848973555160
266,leafy-sweep-273,-0.0211061005620772,0.0132022943468371,0.026703442009701300,0.03718693036212100,-0.023251027875204400,0.02998252797753560
267,dulcet-sweep-274,0.109389984289001,0.249593924056593,0.28829724584989100,0.4177219396362120,0.13816786275570600,0.26030168392577500
268,scarlet-sweep-275,0.0312284592588493,0.0261221905619032,0.03867112187668240,0.11403041833250500,0.032936572136616300,0.047127449499849600
269,scarlet-sweep-276,-0.22003021795628,0.0053193013048932,0.01439621733206980,0.019449400736335300,-0.22658931379271800,0.015581461460799500
270,ruby-sweep-277,0.0958494354723546,0.167018259276233,0.19308034032634000,0.347020762396577,0.12091593908235600,0.16950676646119200
271,fresh-sweep-278,0.124758740931066,0.341210379225913,0.3695778417926440,0.569832784863208,0.1589099593500030,0.3582352253416980
272,quiet-sweep-279,0.135399941725973,0.525389636975684,0.572728485601216,0.6352016986884600,0.1773290647812650,0.5767743041664830
273,rare-sweep-280,0.0766624758751108,0.294786076869056,0.2765671894156000,0.32731336255896700,0.10588305380851000,0.29151963432937000
274,blooming-sweep-281,0.0693708521840706,0.439190466773664,0.4309956735198500,0.5225718649691520,0.0903805269108211,0.47031682945051300
275,revived-sweep-282,0.114657587157699,0.384892185079257,0.43277497262848300,0.5364034470229860,0.1579149322256050,0.40930904277650200
276,dry-sweep-283,0.111597564344392,0.342759442959838,0.36106585753362400,0.4493515034371740,0.14403613653037400,0.34172326058972800
277,wild-sweep-284,0.0691136628786209,0.159351876721182,0.17952094231195300,0.3947644612940780,0.08578995524507530,0.16317042083495400
278,deep-sweep-285,0.0833554870775339,0.0790542846279893,0.08588556386647080,0.2060514832408180,0.08617660986541980,0.07733980362071150
279,crisp-sweep-286,0.106018662128716,0.383119151115943,0.42563080759526300,0.569589628308467,0.14953118645483900,0.40907363217868900
280,eternal-sweep-287,0.147314803037507,0.501682501521506,0.5466870119341560,0.597709664301096,0.18994703416518900,0.5386901845647570
281,trim-sweep-288,-0.320379020544845,0.0487774797970612,0.06620299520362010,0.23272134120724800,-0.32792000833072100,0.06146851599644200
282,decent-sweep-289,0.0541767116772097,0.126159655471361,0.15150746512016600,0.3539422803089680,0.07335619540359880,0.1302147161321460
283,morning-sweep-290,0.0664636843261749,0.0257243895456163,0.03793212599231740,0.1436043889566660,0.06866440119890460,0.03687231348328400
284,swift-sweep-291,0.0156125568294221,0.235945227130289,0.2452930057614870,0.28246168124708600,0.02406048034486370,0.22900211582733
285,sweet-sweep-292,0.077537249505351,0.17655815118623,0.16595928221751500,0.35998674781955000,0.10596913112526700,0.18932900698275700
286,effortless-sweep-293,0.0431416464267666,0.359067288192541,0.3981791434312750,0.4775326265801380,0.07854103162156960,0.35770763792329
287,sunny-sweep-294,0.110055546398924,0.491194947585625,0.5506747058378740,0.6206085499237450,0.1337305061340480,0.5439159747129550
288,wandering-sweep-296,0.0457765630611175,0.325789804081647,0.1001876294194970,0.20617218924043000,0.07290378429158850,0.3152596198398470
289,lilac-sweep-297,0.10580554337755,0.481621563694968,0.5349747809251830,0.5910114164804410,0.13044414340328900,0.49164438181690900
290,devout-sweep-298,0.12786563976565,0.396890327370333,0.4382131426475850,0.5582957119540540,0.16518899218842600,0.4186152346848920
291,charmed-sweep-299,0.0962382882459554,0.343927961279263,0.34546350444503900,0.4486976913878490,0.13402832634076400,0.34924459596651200
292,pretty-sweep-300,0.0534319300587326,0.33756400261757,0.39615222274520100,0.4473845385937560,0.08349312156834470,0.3616333958653210
293,snowy-sweep-301,-0.0355208667525773,0.164896000018547,0.1283612573826970,0.2732021370973710,-0.01982625941893460,0.15539883602591100
294,skilled-sweep-302,0.0518179534972528,0.0982634848085422,0.1163085987845450,0.4342387654153860,0.056957112198046000,0.10411158368999900
295,eager-sweep-303,0.139697368963323,0.477082796832371,0.5169975338731820,0.5933102783204350,0.18901361982546300,0.5281755485919570
296,absurd-sweep-304,-0.4963810994388,0.353889833036552,0.09053450313577120,0.28194080228411600,-0.4948081461140090,0.3522093151288770
297,crisp-sweep-305,0.0933958342349046,0.0628134372066329,0.08005757300603270,0.22137834770351300,0.11767744127311500,0.07332495893229570
298,soft-sweep-306,-0.12483741224492,0.0072111297384677,0.01764412075284510,0.024328924489033000,-0.13018212783469900,0.019003818238866600
299,golden-sweep-307,0.0770931688029919,0.202407177225449,0.23547096399242100,0.5052926229019230,0.1121947848484280,0.2232781659183500
300,brisk-sweep-310,0.0861867783396521,0.142921257827152,0.17638738439351700,0.5204867986624560,0.101325879023779,0.15680805912224700